Award_Year,Financial_Assistance,Grantee_Address,Grantee_City,Grantee_County_Description,Grantee_County_Name,Grantee_Name,Grantee_Region_Code,HRSA_Region,Grantee_State_Abbreviation,State_Name,Grantee_ZIP_Code,Grant_Activity_Code,Grant_Number,Grant_Serial_Number,Project_Period_Start_Date,Project_Period_Start_Date_Text_String,Grant_Project_Period_End_Date,Grant_Project_Period_End_Date_Text,HRSA_Program_Area_Code,HRSA_Program_Area_Name,Complete_County_Name,Grant_Program_Name,Congressional_District_Name,Congressional_District_Number,HHS_Region_Number,US_Congressional_Representative_Name,State_and_County_Federal_Information_Processing_Standard_Code,State_FIPS_Code,Name_of_US_Senator_Number_One,Name_of_US_Senator_Number_Two,Grantee_Type_Description,DUNS_Number,Unique_Entity_Identifier,CCN,Geocoding_Artifact_Address_Primary_X_Coordinate,Geocoding_Artifact_Address_Primary_Y_Coordinate,Data_Warehouse_Record_Create_Date,Data_Warehouse_Record_Create_Date_Text
2023,1.0,2201 S Getty St,Muskegon,County            ,Muskegon,MGH FAMILY HEALTH CENTER,5.0,Region 5,MI,Michigan,49444-1207,H17,H17MC40190,40190,03/01/2021,2021/03/01,02/28/2026,2026/02/28,MCHB,Maternal and Child Health,Muskegon County,Healthy Tomorrows Partnership for Children Program (H17),Michigan District 03,03,5,Hillary J. Scholten,26121,26,Debbie Stabenow,Gary C. Peters,"Corporate Entity, Federal Tax Exempt",039712711,YX87LXQJXXN5,231869.0,-86.22458792,43.21165128,10/13/2023,2023/10/13
2023,1100000.0,1301 Taylor St STE 9A,Columbia,County            ,Richland,PRISMA HEALTH-MIDLANDS,4.0,Region 4,SC,South Carolina,29201-2963,H49,H49MC52121,52121,09/30/2023,2023/09/30,09/29/2028,2028/09/29,MCHB,Maternal and Child Health,Richland County,Healthy Start Initiative-Eliminating Racial/Ethnic Disparities (H49),South Carolina District 06,6.0,4.0,James E. Clyburn,45079.0,45,Lindsey Graham,Tim Scott,"Corporate Entity, Federal Tax Exempt",009035853,KQ3QX9AHQY76,420086.0,-81.03403386,34.00726497,10/13/2023,2023/10/13
2023,749872.0,13001 E 17th Pl STE F428,Aurora,County            ,Adams,"REGENTS OF THE UNIVERSITY OF COLORADO, THE",8.0,Region 8,CO,Colorado,80045-2571,UK3,UK3MC50377,50377,09/30/2023,2023/09/30,09/29/2028,2028/09/29,MCHB,Maternal and Child Health,Adams County,Screening and Treatment for Maternal Depression and Related Behavioral Disorders Program (UK3),Colorado District 06,6.0,8.0,Jason Crow,8001.0,08,Michael F. Bennet,John W. Hickenlooper,U.S. Government Entity,041096314,MW8JHK6ZYEX8,61932.0,-104.83760447,39.74509834,10/13/2023,2023/10/13
2023,346223.0,1600 Hampton St # 414,Columbia,County            ,Richland,University of South Carolina,4.0,Region 4,SC,South Carolina,29208-3403,H4B,H4BHS45171,45171,09/03/2021,2021/09/03,08/31/2024,2024/08/31,MCHB,Maternal and Child Health,Richland County,Poison Control Stabilization and Enhancement Program (H4B),South Carolina District 06,6.0,4.0,James E. Clyburn,45079.0,45,Lindsey Graham,Tim Scott,Other,041387846,J22LNTMEDP73,426521.0,-81.02834381,34.00742582,10/13/2023,2023/10/13
2023,699999.0,1850 Research Park Dr STE 300,Davis,County            ,Yolo,"UNIVERSITY OF CALIFORNIA, DAVIS",9.0,Region 9,CA,California,95618-6153,U03,U03MC00001,1,09/30/2001,2001/09/30,08/31/2027,2027/08/31,MCHB,Maternal and Child Health,Yolo County,Pediatric Emergency Care Applied Research Network (PECARN) (U03),California District 04,4.0,9.0,Mike Thompson,6113.0,06,Dianne Feinstein,Alex Padilla,"Corporate Entity, Federal Tax Exempt",047120084,TX2DAGQPENZ5,51560.0,-121.72991881,38.54377468,10/13/2023,2023/10/13
2023,400000.0,7703 Floyd Curl Dr,San Antonio,County            ,Bexar,UNIVERSITY OF TEXAS HEALTH SCIENCE CENTER OF SAN ANTONIO,6.0,Region 6,TX,Texas,78229-3901,UM2,UM2MC45793,45793,08/01/2022,2022/08/01,07/31/2027,2027/07/31,MCHB,Maternal and Child Health,Bexar County,Enhancing Systems of Care for Children with Medical Complexity (UM2),Texas District 20,20.0,6.0,Joaquin Castro,48029.0,48,John Cornyn,Ted Cruz ,U.S. Government Entity,800772162,C3KXNLTAAY98,454879.0,-98.57601895,29.50670998,10/13/2023,2023/10/13
2023,341373.0,7703 Floyd Curl Dr,San Antonio,County            ,Bexar,UNIVERSITY OF TEXAS HEALTH SCIENCE CENTER OF SAN ANTONIO,6.0,Region 6,TX,Texas,78229-3901,H4B,H4BHS15559,15559,09/01/2009,2009/09/01,08/31/2024,2024/08/31,MCHB,Maternal and Child Health,Bexar County,Poison Control Stabilization and Enhancement Program (H4B),Texas District 20,20.0,6.0,Joaquin Castro,48029.0,48,John Cornyn,Ted Cruz ,U.S. Government Entity,800772162,C3KXNLTAAY98,454879.0,-98.57601895,29.50670998,10/13/2023,2023/10/13
2023,190650.0,1 W Wilson St RM 651,Madison,County            ,Dane,"HEALTH SERVICES, WISCONSIN DEPARTMENT OF",5.0,Region 5,WI,Wisconsin,53703-3445,H33,H33MC06681,6681,03/01/2006,2006/03/01,03/31/2027,2027/03/31,MCHB,Maternal and Child Health,Dane County,EMSC Partnership Grants (H33),Wisconsin District 02,2.0,5.0,Mark Pocan,55025.0,55,Ron Johnson,Tammy Baldwin,U.S. Government Entity,036448835,CG2SZ7HCNV54,524008.0,-89.38193819,43.07206183,10/13/2023,2023/10/13
2023,350000.0,200 Oak St SE,Minneapolis,County            ,Hennepin,REGENTS OF THE UNIVERSITY OF MINNESOTA,5.0,Region 5,MN,Minnesota,55455-2009,T76,T76MC00005,5,06/01/2013,2013/06/01,05/31/2025,2025/05/31,MCHB,Maternal and Child Health,Hennepin County,"Centers of Excellence in MCH Education, Science and Practice Program (T76)",Minnesota District 05,5.0,5.0,Ilhan Omar,27053.0,27,Amy Klobuchar,Tina Smith,Other,555917996,KABJZBBJ4B54,241820.0,-93.22706545,44.97491973,10/13/2023,2023/10/13
2023,459370.0,200 Oak St SE,Minneapolis,County            ,Hennepin,REGENTS OF THE UNIVERSITY OF MINNESOTA,5.0,Region 5,MN,Minnesota,55455-2009,T71,T71MC00006,6,07/01/1978,1978/07/01,06/30/2027,2027/06/30,MCHB,Maternal and Child Health,Hennepin County,Leadership Education  in Adolescent Health (LEAH) (T71),Minnesota District 05,5.0,5.0,Ilhan Omar,27053.0,27,Amy Klobuchar,Tina Smith,Other,555917996,KABJZBBJ4B54,241820.0,-93.22706545,44.97491973,10/13/2023,2023/10/13
2023,50000.0,1601 Precision Park Ln,San Ysidro,County            ,San Diego,"CENTRO DE SALUD DE LA COMUNIDAD DE SAN YSIDRO, INC.",9.0,Region 9,CA,California,92173-1345,H17,H17MC40187,40187,03/01/2021,2021/03/01,02/28/2026,2026/02/28,MCHB,Maternal and Child Health,San Diego County,Healthy Tomorrows Partnership for Children Program (H17),California District 52,52.0,9.0,Juan Vargas,6073.0,06,Dianne Feinstein,Alex Padilla,"Corporate Entity, Federal Tax Exempt",073333221,NQRCS8JMRQN6,551810.0,-117.0594268,32.56691701,10/13/2023,2023/10/13
2023,50000.0,1601 Precision Park Ln,San Ysidro,County            ,San Diego,"CENTRO DE SALUD DE LA COMUNIDAD DE SAN YSIDRO, INC.",9.0,Region 9,CA,California,92173-1345,H17,H17MC48962,48962,03/01/2023,2023/03/01,02/29/2028,2028/02/29,MCHB,Maternal and Child Health,San Diego County,Healthy Tomorrows Partnership for Children Program (H17),California District 52,52.0,9.0,Juan Vargas,6073.0,06,Dianne Feinstein,Alex Padilla,"Corporate Entity, Federal Tax Exempt",073333221,NQRCS8JMRQN6,551810.0,-117.0594268,32.56691701,10/13/2023,2023/10/13
2023,50000.0,2040 Camfield Ave,Commerce,County            ,Los Angeles,ALTAMED HEALTH SERVICES CORP,9.0,Region 9,CA,California,90040-1502,H17,H17MC45454,45454,03/01/2022,2022/03/01,02/28/2027,2027/02/28,MCHB,Maternal and Child Health,Los Angeles County,Healthy Tomorrows Partnership for Children Program (H17),California District 42,42.0,9.0,Robert Garcia,6037.0,06,Dianne Feinstein,Alex Padilla,"Corporate Entity, Federal Tax Exempt",083906024,D3DTJBVZRVB8,51814.0,-118.15590723,34.00861274,10/13/2023,2023/10/13
2023,50000.0,2040 Camfield Ave,Commerce,County            ,Los Angeles,ALTAMED HEALTH SERVICES CORP,9.0,Region 9,CA,California,90040-1502,H17,H17MC48961,48961,03/01/2023,2023/03/01,02/29/2028,2028/02/29,MCHB,Maternal and Child Health,Los Angeles County,Healthy Tomorrows Partnership for Children Program (H17),California District 42,42.0,9.0,Robert Garcia,6037.0,06,Dianne Feinstein,Alex Padilla,"Corporate Entity, Federal Tax Exempt",083906024,D3DTJBVZRVB8,51814.0,-118.15590723,34.00861274,10/13/2023,2023/10/13
2023,260918.0,1 W Wilson St RM 651,Madison,County            ,Dane,"HEALTH SERVICES, WISCONSIN DEPARTMENT OF",5.0,Region 5,WI,Wisconsin,53703-3445,H61,H61MC00024,24,04/01/2000,2000/04/01,03/31/2024,2024/03/31,MCHB,Maternal and Child Health,Dane County,Universal Newborn Hearing Screening and Intervention (H61),Wisconsin District 02,2.0,5.0,Mark Pocan,55025.0,55,Ron Johnson,Tammy Baldwin,U.S. Government Entity,036448835,CG2SZ7HCNV54,524008.0,-89.38193819,43.07206183,10/13/2023,2023/10/13
2023,225000.0,200 Oak St SE,Minneapolis,County            ,Hennepin,REGENTS OF THE UNIVERSITY OF MINNESOTA,5.0,Region 5,MN,Minnesota,55455-2009,T79,T79MC00007,7,07/01/1988,1988/07/01,06/30/2028,2028/06/30,MCHB,Maternal and Child Health,Hennepin County,Maternal and Child Health Nutrition Training Program (T79),Minnesota District 05,5.0,5.0,Ilhan Omar,27053.0,27,Amy Klobuchar,Tina Smith,Other,555917996,KABJZBBJ4B54,241820.0,-93.22706545,44.97491973,10/13/2023,2023/10/13
2023,554000.0,1850 Research Park Dr STE 300,Davis,County            ,Yolo,"UNIVERSITY OF CALIFORNIA, DAVIS",9.0,Region 9,CA,California,95618-6153,T73,T73MC30113,30113,07/01/2016,2016/07/01,06/30/2026,2026/06/30,MCHB,Maternal and Child Health,Yolo County,Leadership Education in Neurodevelopmental and Related Disorders Training Program (T73),California District 04,4.0,9.0,Mike Thompson,6113.0,06,Dianne Feinstein,Alex Padilla,"Corporate Entity, Federal Tax Exempt",047120084,TX2DAGQPENZ5,51560.0,-121.72991881,38.54377468,10/13/2023,2023/10/13
2023,788000.0,200 Oak St SE,Minneapolis,County            ,Hennepin,REGENTS OF THE UNIVERSITY OF MINNESOTA,5.0,Region 5,MN,Minnesota,55455-2009,T73,T73MC12835,12835,07/01/2009,2009/07/01,06/30/2026,2026/06/30,MCHB,Maternal and Child Health,Hennepin County,Leadership Education in Neurodevelopmental and Related Disorders Training Program (T73),Minnesota District 05,5.0,5.0,Ilhan Omar,27053.0,27,Amy Klobuchar,Tina Smith,Other,555917996,KABJZBBJ4B54,241820.0,-93.22706545,44.97491973,10/13/2023,2023/10/13
2023,749804.0,313 N Figueroa St Ste 708,Los Angeles,County            ,Los Angeles,COUNTY OF LOS ANGELES,9.0,Region 9,CA,California,90012-2602,UK3,UK3MC50369,50369,09/30/2023,2023/09/30,09/29/2028,2028/09/29,MCHB,Maternal and Child Health,Los Angeles County,Screening and Treatment for Maternal Depression and Related Behavioral Disorders Program (UK3),California District 34,34.0,9.0,Jimmy Gomez,6037.0,06,Dianne Feinstein,Alex Padilla,U.S. Government Entity,624882309,DN3NGS58SMT9,52344.0,-118.25013941,34.05911872,10/13/2023,2023/10/13
2023,720000.0,13001 E 17th Pl STE F428,Aurora,County            ,Adams,"REGENTS OF THE UNIVERSITY OF COLORADO, THE",8.0,Region 8,CO,Colorado,80045-2571,T73,T73MC11044,11044,09/01/2008,2008/09/01,06/30/2026,2026/06/30,MCHB,Maternal and Child Health,Adams County,Leadership Education in Neurodevelopmental and Related Disorders Training Program (T73),Colorado District 06,6.0,8.0,Jason Crow,8001.0,08,Michael F. Bennet,John W. Hickenlooper,U.S. Government Entity,041096314,MW8JHK6ZYEX8,61932.0,-104.83760447,39.74509834,10/13/2023,2023/10/13
2023,83883.0,1000 E University Ave Dept 3434,Laramie,County            ,Albany,University of Wyoming,8.0,Region 8,WY,Wyoming,82071-2000,H84,H84MC24069,24069,06/01/2012,2012/06/01,05/31/2027,2027/05/31,MCHB,Maternal and Child Health,Albany County,Family Professional Partnership/CSHCN (H84),Wyoming At Large,0.0,8.0,Harriet M. Hageman,56001.0,56,John Barrasso,Cynthia M. Lummis,U.S. Government Entity,069690956,FDR5YF2K32X5,531818.0,-105.58225107,41.31212996,10/13/2023,2023/10/13
2023,424225.0,9000 W Wisconsin Ave,Milwaukee,County            ,Milwaukee,CHILDRENS HOSPITAL OF WISCONSIN INC,5.0,Region 5,WI,Wisconsin,53226-4874,H4B,H4BHS15507,15507,09/01/2009,2009/09/01,08/31/2024,2024/08/31,MCHB,Maternal and Child Health,Milwaukee County,Poison Control Stabilization and Enhancement Program (H4B),Wisconsin District 04,4.0,5.0,Gwen Moore,55079.0,55,Ron Johnson,Tammy Baldwin,"Corporate Entity, Federal Tax Exempt",073847261,MHJMNSV6A7E8,529803.0,-88.023817,43.040978,10/13/2023,2023/10/13
2023,747528.0,777 Bannock St,Denver,County            ,Denver,DENVER HEALTH AND HOSPITALS AUTHORITY,8.0,Region 8,CO,Colorado,80204-4507,H4B,H4BHS15506,15506,09/01/2009,2009/09/01,08/31/2024,2024/08/31,MCHB,Maternal and Child Health,Denver County,Poison Control Stabilization and Enhancement Program (H4B),Colorado District 01,1.0,8.0,Diana DeGette,8031.0,08,Michael F. Bennet,John W. Hickenlooper,U.S. Government Entity,093564180,MMT4LGM4H9Z5,61826.0,-104.99028394,39.72800839,10/13/2023,2023/10/13
2023,338022.0,1501 Kings Hwy,Shreveport,Parish            ,Caddo,LOUISIANA STATE UNIVERSITY,6.0,Region 6,LA,Louisiana,71103-4228,H4B,H4BHS15487,15487,09/01/2009,2009/09/01,08/31/2024,2024/08/31,MCHB,Maternal and Child Health,Caddo Parish,Poison Control Stabilization and Enhancement Program (H4B),Louisiana District 04,4.0,6.0,Mike Johnson,22017.0,22,Bill Cassidy,John Kennedy,U.S. Government Entity,095439774,FA4VKPTJRLY8,190098.0,-93.76120801,32.48178252,10/13/2023,2023/10/13
2023,500000.0,741 Broadway,Newark,County            ,Essex,NEWARK COMMUNITY HEALTH CENTERS INC,2.0,Region 2,NJ,New Jersey,07104-4309,U1V,U1VMC46319,46319,09/01/2022,2022/09/01,08/31/2027,2027/08/31,MCHB,Maternal and Child Health,Essex County,Catalysts for Infant Health Equity (U1V),New Jersey District 08,8.0,2.0,Robert Menendez,34013.0,34,Robert Menendez,Cory A. Booker,"Corporate Entity, Federal Tax Exempt",108820416,LBRYYVT467J5,311856.0,-74.15895037,40.77532895,10/13/2023,2023/10/13
2023,100000.0,1 W Wilson St RM 651,Madison,County            ,Dane,"HEALTH SERVICES, WISCONSIN DEPARTMENT OF",5.0,Region 5,WI,Wisconsin,53703-3445,H18,H18MC00057,57,10/01/1993,1993/10/01,11/30/2027,2027/11/30,MCHB,Maternal and Child Health,Dane County,MCHB State Systems Development Initiative (H18),Wisconsin District 02,2.0,5.0,Mark Pocan,55025.0,55,Ron Johnson,Tammy Baldwin,U.S. Government Entity,036448835,CG2SZ7HCNV54,524008.0,-89.38193819,43.07206183,10/13/2023,2023/10/13
2023,999994.0,13001 E 17th Pl STE F428,Aurora,County            ,Adams,"REGENTS OF THE UNIVERSITY OF COLORADO, THE",8.0,Region 8,CO,Colorado,80045-2571,UA6,UA6MC31101,31101,09/01/2017,2017/09/01,08/31/2027,2027/08/31,MCHB,Maternal and Child Health,Adams County,MCH Research Network Programs (UA6),Colorado District 06,6.0,8.0,Jason Crow,8001.0,08,Michael F. Bennet,John W. Hickenlooper,U.S. Government Entity,041096314,MW8JHK6ZYEX8,61932.0,-104.83760447,39.74509834,10/13/2023,2023/10/13
2023,998573.0,313 N Figueroa St Ste 708,Los Angeles,County            ,Los Angeles,COUNTY OF LOS ANGELES,9.0,Region 9,CA,California,90012-2602,U9H,U9HMC49201,49201,09/30/2023,2023/09/30,09/29/2027,2027/09/29,MCHB,Maternal and Child Health,Los Angeles County,Transforming Pediatrics for Early Childhood (U9H),California District 34,34.0,9.0,Jimmy Gomez,6037.0,06,Dianne Feinstein,Alex Padilla,U.S. Government Entity,624882309,DN3NGS58SMT9,52344.0,-118.25013941,34.05911872,10/13/2023,2023/10/13
2023,1157121.0,1301 Taylor St STE 9A,Columbia,County            ,Richland,PRISMA HEALTH-MIDLANDS,4.0,Region 4,SC,South Carolina,29201-2963,H49,H49MC00072,72,07/01/2001,2001/07/01,03/31/2024,2024/03/31,MCHB,Maternal and Child Health,Richland County,Healthy Start Initiative-Eliminating Racial/Ethnic Disparities (H49),South Carolina District 06,6.0,4.0,James E. Clyburn,45079.0,45,Lindsey Graham,Tim Scott,"Corporate Entity, Federal Tax Exempt",009035853,KQ3QX9AHQY76,420086.0,-81.03403386,34.00726497,10/13/2023,2023/10/13
2023,1159114.0,2041 Goose Lake Rd,Sauget,County            ,St. Clair,"SOUTHERN ILLINOIS HEALTHCARE FOUNDATION, INC.",5.0,Region 5,IL,Illinois,62206-2822,H49,H49MC00049,49,07/01/2001,2001/07/01,03/31/2024,2024/03/31,MCHB,Maternal and Child Health,St. Clair County,Healthy Start Initiative-Eliminating Racial/Ethnic Disparities (H49),Illinois District 13,13.0,5.0,Nikki Budzinski,17163.0,17,Richard J. Durbin,Tammy Duckworth,"Corporate Entity, Federal Tax Exempt",121756282,N7PJN47ZP3Z4,141100.0,-90.13367966,38.56385202,10/13/2023,2023/10/13
2023,1259274.0,777 Bannock St,Denver,County            ,Denver,DENVER HEALTH AND HOSPITALS AUTHORITY,8.0,Region 8,CO,Colorado,80204-4507,UK7,UK7MC33230,33230,09/01/2019,2019/09/01,08/31/2024,2024/08/31,MCHB,Maternal and Child Health,Denver County,Networks for Oral Health Integration within the Maternal and Child Health Safety Net (UK7),Colorado District 01,1.0,8.0,Diana DeGette,8031.0,08,Michael F. Bennet,John W. Hickenlooper,U.S. Government Entity,093564180,MMT4LGM4H9Z5,61826.0,-104.99028394,39.72800839,10/13/2023,2023/10/13
2023,264696.0,1850 Research Park Dr STE 300,Davis,County            ,Yolo,"UNIVERSITY OF CALIFORNIA, DAVIS",9.0,Region 9,CA,California,95618-6153,T77,T77MC25733,25733,07/01/2013,2013/07/01,06/30/2028,2028/06/30,MCHB,Maternal and Child Health,Yolo County,Developmental-Behavioral Pediatrics Training Program (T77),California District 04,4.0,9.0,Mike Thompson,6113.0,06,Dianne Feinstein,Alex Padilla,"Corporate Entity, Federal Tax Exempt",047120084,TX2DAGQPENZ5,51560.0,-121.72991881,38.54377468,10/13/2023,2023/10/13
2023,995000.0,501 SE Hawthorne Blvd STE 531,Portland,County            ,Multnomah,"Multnomah, County of",10.0,Region 10,OR,Oregon,97214-3587,H49,H49MC00141,141,07/01/2001,2001/07/01,03/31/2024,2024/03/31,MCHB,Maternal and Child Health,Multnomah County,Healthy Start Initiative-Eliminating Racial/Ethnic Disparities (H49),Oregon District 01,1.0,10.0,Suzanne Bonamici,41051.0,41,Ron Wyden,Jeff Merkley,U.S. Government Entity,030784888,DZRHDJDP41A4,381829.0,-122.66025499,45.51227746,10/13/2023,2023/10/13
2023,1091055.0,1606 N 7th St,Terre Haute,County            ,Vigo,UNION HOSPITAL INC,5.0,Region 5,IN,Indiana,47804-2706,H49,H49MC32727,32727,04/01/2019,2019/04/01,03/31/2024,2024/03/31,MCHB,Maternal and Child Health,Vigo County,Healthy Start Initiative-Eliminating Racial/Ethnic Disparities (H49),Indiana District 08,8.0,5.0,Larry Bucshon,18167.0,18,Todd Young,Mike Braun,"Corporate Entity, Federal Tax Exempt",072075252,W1Y2MM9PREE5,150023.0,-87.4069997,39.4851277,10/13/2023,2023/10/13
2023,1094282.0,251 N Bayou St,Mobile,County            ,Mobile,MOBILE COUNTY BOARD OF HEALTH,4.0,Region 4,AL,Alabama,36603-5827,H49,H49MC52120,52120,09/30/2023,2023/09/30,09/29/2028,2028/09/29,MCHB,Maternal and Child Health,Mobile County,Healthy Start Initiative-Eliminating Racial/Ethnic Disparities (H49),Alabama District 01,1.0,4.0,Jerry L. Carl,1097.0,01,Tommy Tuberville,Tommy Tuberville,U.S. Government Entity,877377440,YYSPW27USHN7,11986.0,-88.05447389,30.69184755,10/13/2023,2023/10/13
2023,1111792.0,5200 Harry Hines Blvd,Dallas,County            ,Dallas,DALLAS COUNTY HOSPITAL DISTRICT,6.0,Region 6,TX,Texas,75235-7709,H49,H49MC00157,157,07/01/2001,2001/07/01,03/31/2024,2024/03/31,MCHB,Maternal and Child Health,Dallas County,Healthy Start Initiative-Eliminating Racial/Ethnic Disparities (H49),Texas District 30,30.0,6.0,Jasmine Crockett,48113.0,48,John Cornyn,Ted Cruz ,U.S. Government Entity,049046527,FYV7SX8CN3E1,741837.0,-96.83510202,32.812769,10/13/2023,2023/10/13
2023,1159121.0,721 Miami Chapel Rd,Dayton,County            ,Montgomery,FIVE RIVERS HEALTH CENTERS,5.0,Region 5,OH,Ohio,45417-4650,H49,H49MC27824,27824,09/01/2014,2014/09/01,03/31/2024,2024/03/31,MCHB,Maternal and Child Health,Montgomery County,Healthy Start Initiative-Eliminating Racial/Ethnic Disparities (H49),Ohio District 10,10.0,5.0,Michael R. Turner,39113.0,39,Sherrod Brown,J.D. Vance,"Corporate Entity, Federal Tax Exempt",968420617,GPGNM2JMUNJ3,721830.0,-84.20731621,39.73810326,10/13/2023,2023/10/13
2023,1159121.0,741 Broadway,Newark,County            ,Essex,NEWARK COMMUNITY HEALTH CENTERS INC,2.0,Region 2,NJ,New Jersey,07104-4309,H49,H49MC27814,27814,09/01/2014,2014/09/01,03/31/2024,2024/03/31,MCHB,Maternal and Child Health,Essex County,Healthy Start Initiative-Eliminating Racial/Ethnic Disparities (H49),New Jersey District 08,8.0,2.0,Robert Menendez,34013.0,34,Robert Menendez,Cory A. Booker,"Corporate Entity, Federal Tax Exempt",108820416,LBRYYVT467J5,311856.0,-74.15895037,40.77532895,10/13/2023,2023/10/13
2023,1170233.0,1000 E University Ave Dept 3434,Laramie,County            ,Albany,University of Wyoming,8.0,Region 8,WY,Wyoming,82071-2000,U7A,U7AMC50520,50520,09/30/2023,2023/09/30,09/29/2028,2028/09/29,MCHB,Maternal and Child Health,Albany County,State Maternal Health Innovation Program (U7A),Wyoming At Large,0.0,8.0,Harriet M. Hageman,56001.0,56,John Barrasso,Cynthia M. Lummis,U.S. Government Entity,069690956,FDR5YF2K32X5,531818.0,-105.58225107,41.31212996,10/13/2023,2023/10/13
2023,190650.0,13001 E 17th Pl STE F428,Aurora,County            ,Adams,"REGENTS OF THE UNIVERSITY OF COLORADO, THE",8.0,Region 8,CO,Colorado,80045-2571,H33,H33MC31619,31619,04/01/2018,2018/04/01,03/31/2027,2027/03/31,MCHB,Maternal and Child Health,Adams County,EMSC Partnership Grants (H33),Colorado District 06,6.0,8.0,Jason Crow,8001.0,08,Michael F. Bennet,John W. Hickenlooper,U.S. Government Entity,041096314,MW8JHK6ZYEX8,61932.0,-104.83760447,39.74509834,10/13/2023,2023/10/13
2023,1159121.0,255 Highway 187,Hatch,County            ,Dona Ana,"Ben Archer Health Center, Inc.",6.0,Region 6,NM,New Mexico,87937-7001,H49,H49MC28140,28140,11/01/2014,2014/11/01,03/31/2024,2024/03/31,MCHB,Maternal and Child Health,Dona Ana County,Healthy Start Initiative-Eliminating Racial/Ethnic Disparities (H49),New Mexico District 02,2.0,6.0,Gabe Vasquez,35013.0,35,Martin Heinrich,Ben Ray Luj√°n,"Corporate Entity, Federal Tax Exempt",123735136,DB2KJ3VCQ8L3,321927.0,-107.16332,32.66697501,10/13/2023,2023/10/13
2023,1159121.0,2915 Grant St,Omaha,County            ,Douglas,CHARLES DREW HEALTH CENTER INC,7.0,Region 7,NE,Nebraska,68111-3863,H49,H49MC00156,156,07/01/2001,2001/07/01,03/31/2024,2024/03/31,MCHB,Maternal and Child Health,Douglas County,Healthy Start Initiative-Eliminating Racial/Ethnic Disparities (H49),Nebraska District 02,2.0,7.0,Don Bacon,31055.0,31,Deb Fischer,Ben Sasse,"Corporate Entity, Federal Tax Exempt",115076903,LBNNLRDE8793,281849.0,-95.95610399,41.2799155,10/13/2023,2023/10/13
2023,1159121.0,313 N Figueroa St FL 9,Los Angeles,County            ,Los Angeles,"LOS ANGELES, COUNTY OF",9.0,Region 9,CA,California,90012-2602,H49,H49MC32718,32718,04/01/2019,2019/04/01,03/31/2024,2024/03/31,MCHB,Maternal and Child Health,Los Angeles County,Healthy Start Initiative-Eliminating Racial/Ethnic Disparities (H49),California District 34,34.0,9.0,Jimmy Gomez,6037.0,06,Dianne Feinstein,Alex Padilla,U.S. Government Entity,099446254,X5RGJVZ32FN6,52344.0,-118.24928557,34.05947413,10/13/2023,2023/10/13
2023,1159121.0,3502 W Northside Dr,Jackson,County            ,Hinds,CENTRAL MISSISSIPPI CIVIC IMPROVEMENT ASSOCIATION INC,4.0,Region 4,MS,Mississippi,39213-4454,H49,H49MC27811,27811,09/01/2014,2014/09/01,04/30/2024,2024/04/30,MCHB,Maternal and Child Health,Hinds County,Healthy Start Initiative-Eliminating Racial/Ethnic Disparities (H49),Mississippi District 02,2.0,4.0,Bennie G. Thompson,28049.0,28,Roger F. Wicker,Cindy Hyde-Smith,"Corporate Entity, Federal Tax Exempt",010397024,CYWJRXYGF1M1,251027.0,-90.23397097,32.35604752,10/13/2023,2023/10/13
2023,1159121.0,439 Port Richmond Ave,Staten Island,County            ,Richmond,COMMUNITY HEALTH CENTER OF RICHMOND INC,2.0,Region 2,NY,New York,10302-1714,H49,H49MC27812,27812,09/01/2014,2014/09/01,03/31/2024,2024/03/31,MCHB,Maternal and Child Health,Richmond County,Healthy Start Initiative-Eliminating Racial/Ethnic Disparities (H49),New York District 11,11.0,2.0,Nicole Malliotakis,36085.0,36,Charles E. Schumer,Kirsten E. Gillibrand,"Corporate Entity, Federal Tax Exempt",800616851,FNJ9YNL9QLM3,331136.0,-74.13837011,40.63144323,10/13/2023,2023/10/13
2023,1159121.0,600 W Fulton St STE 200,Chicago,County            ,Cook,ACCESS COMMUNITY HEALTH NETWORK,5.0,Region 5,IL,Illinois,60661-1262,H49,H49MC00098,98,07/01/2001,2001/07/01,03/31/2024,2024/03/31,MCHB,Maternal and Child Health,Cook County,Healthy Start Initiative-Eliminating Racial/Ethnic Disparities (H49),Illinois District 07,7.0,5.0,Danny K. Davis,17031.0,17,Richard J. Durbin,Tammy Duckworth,"Corporate Entity, Federal Tax Exempt",010562390,XM7MMFME1TM5,141871.0,-87.64324297,41.8868375,10/13/2023,2023/10/13
2023,850000.0,1 W Wilson St RM 651,Madison,County            ,Dane,"HEALTH SERVICES, WISCONSIN DEPARTMENT OF",5.0,Region 5,WI,Wisconsin,53703-3445,U4C,U4CMC32324,32324,09/30/2018,2018/09/30,09/29/2026,2026/09/29,MCHB,Maternal and Child Health,Dane County,Pediatric Mental Health Care Access Program (U4C),Wisconsin District 02,2.0,5.0,Mark Pocan,55025.0,55,Ron Johnson,Tammy Baldwin,U.S. Government Entity,036448835,CG2SZ7HCNV54,524008.0,-89.38193819,43.07206183,10/13/2023,2023/10/13
2023,500000.0,3201 S Carrollton Ave,New Orleans,Parish            ,Orleans,MARILLAC COMMUNITY HEALTH CENTERS,6.0,Region 6,LA,Louisiana,70118-4307,U1V,U1VMC46318,46318,09/01/2022,2022/09/01,08/31/2027,2027/08/31,MCHB,Maternal and Child Health,Orleans Parish,Catalysts for Infant Health Equity (U1V),Louisiana District 02,2.0,6.0,Troy A. Carter,22071.0,22,Bill Cassidy,John Kennedy,"Corporate Entity, Federal Tax Exempt",963385450,CH8MR5ENJKZ1,191020.0,-90.11399543,29.96183617,10/13/2023,2023/10/13
2023,595316.0,5200 Harry Hines Blvd,Dallas,County            ,Dallas,DALLAS COUNTY HOSPITAL DISTRICT,6.0,Region 6,TX,Texas,75235-7709,H4B,H4BHS15556,15556,09/01/2009,2009/09/01,08/31/2024,2024/08/31,MCHB,Maternal and Child Health,Dallas County,Poison Control Stabilization and Enhancement Program (H4B),Texas District 30,30.0,6.0,Jasmine Crockett,48113.0,48,John Cornyn,Ted Cruz ,U.S. Government Entity,049046527,FYV7SX8CN3E1,741837.0,-96.83510202,32.812769,10/13/2023,2023/10/13
2023,1657727.0,1 W Wilson St RM 651,Madison,County            ,Dane,"HEALTH SERVICES, WISCONSIN DEPARTMENT OF",5.0,Region 5,WI,Wisconsin,53703-3445,U7A,U7AMC50510,50510,09/30/2023,2023/09/30,09/29/2028,2028/09/29,MCHB,Maternal and Child Health,Dane County,State Maternal Health Innovation Program (U7A),Wisconsin District 02,2.0,5.0,Mark Pocan,55025.0,55,Ron Johnson,Tammy Baldwin,U.S. Government Entity,036448835,CG2SZ7HCNV54,524008.0,-89.38193819,43.07206183,10/13/2023,2023/10/13
2023,1159121.0,110 S 17th St,Harrisburg,County            ,Dauphin,HAMILTON HEALTH CENTER INC,3.0,Region 3,PA,Pennsylvania,17104-1123,H49,H49MC12904,12904,06/01/2009,2009/06/01,03/31/2024,2024/03/31,MCHB,Maternal and Child Health,Dauphin County,Healthy Start Initiative-Eliminating Racial/Ethnic Disparities (H49),Pennsylvania District 10,10.0,3.0,Scott Perry,42043.0,42,"Robert P. Casey, Jr.",Patrick J. Toomey,"Corporate Entity, Federal Tax Exempt",071202485,PNLNCXKS1CH6,391146.0,-76.86403888,40.26568996,10/13/2023,2023/10/13
2023,1159121.0,12716 NE 36th St,Spencer,County            ,Oklahoma,COMMUNITY HEALTH CENTERS OF OKLAHOMA,6.0,Region 6,OK,Oklahoma,73084-9167,H49,H49MC00125,125,07/01/2001,2001/07/01,03/31/2024,2024/03/31,MCHB,Maternal and Child Health,Oklahoma County,Healthy Start Initiative-Eliminating Racial/Ethnic Disparities (H49),Oklahoma District 05,5.0,6.0,Stephanie I. Bice,40109.0,40,James Lankford,James Lankford,"Corporate Entity, Federal Tax Exempt",020723409,P2PLT4K8DNE3,371802.0,-97.30556559,35.50762036,10/13/2023,2023/10/13
2023,1159121.0,1300 Perdido St STE 8E18,New Orleans,Parish            ,Orleans,City of New Orleans,6.0,Region 6,LA,Louisiana,70112-2125,H49,H49MC00099,99,07/01/2001,2001/07/01,03/31/2024,2024/03/31,MCHB,Maternal and Child Health,Orleans Parish,Healthy Start Initiative-Eliminating Racial/Ethnic Disparities (H49),Louisiana District 02,2.0,6.0,Troy A. Carter,22071.0,22,Bill Cassidy,John Kennedy,U.S. Government Entity,166691076,J9F2VEL6BRV4,191960.0,-90.07678481,29.95253536,10/13/2023,2023/10/13
2023,1159121.0,1400 Woodbridge St,Detroit,County            ,Wayne,"INSTITUTE FOR POPULATION HEALTH, INC.",5.0,Region 5,MI,Michigan,48207,H49,H49MC26189,26189,07/01/2013,2013/07/01,03/31/2024,2024/03/31,MCHB,Maternal and Child Health,Wayne County,Healthy Start Initiative-Eliminating Racial/Ethnic Disparities (H49),Michigan District 13,13.0,5.0,Shri Thanedar,26163.0,26,Debbie Stabenow,Gary C. Peters,"Corporate Entity, Federal Tax Exempt",078583404,EAJHMUF6E693,231141.0,-83.0320885,42.33322129,10/13/2023,2023/10/13
2023,1159121.0,5303 S Cedar St,Lansing,County            ,Ingham,COUNTY OF INGHAM,5.0,Region 5,MI,Michigan,48911-3800,H49,H49MC24118,24118,06/01/2012,2012/06/01,03/31/2024,2024/03/31,MCHB,Maternal and Child Health,Ingham County,Healthy Start Initiative-Eliminating Racial/Ethnic Disparities (H49),Michigan District 07,7.0,5.0,Elissa Slotkin,26065.0,26,Debbie Stabenow,Gary C. Peters,U.S. Government Entity,031875656,MNXZAXJQTMN6,231148.0,-84.54511797,42.68106801,10/13/2023,2023/10/13
2023,11042550.0,1 W Wilson St RM 651,Madison,County            ,Dane,"HEALTH SERVICES, WISCONSIN DEPARTMENT OF",5.0,Region 5,WI,Wisconsin,53703-3445,B04,B04MC47455,47455,10/01/2022,2022/10/01,09/30/2024,2024/09/30,MCHB,Maternal and Child Health,Dane County,Maternal and Child Health Services (B04),Wisconsin District 02,2.0,5.0,Mark Pocan,55025.0,55,Ron Johnson,Tammy Baldwin,U.S. Government Entity,036448835,CG2SZ7HCNV54,524008.0,-89.38193819,43.07206183,10/13/2023,2023/10/13
2023,93089.0,200 Oak St SE,Minneapolis,County            ,Hennepin,REGENTS OF THE UNIVERSITY OF MINNESOTA,5.0,Region 5,MN,Minnesota,55455-2009,R41,R41MC42776,42776,09/01/2021,2021/09/01,08/31/2024,2024/08/31,MCHB,Maternal and Child Health,Hennepin County,Autism Secondary Data Analysis Research (SDAR) Program (R41),Minnesota District 05,05,5,Ilhan Omar,27053,27,Amy Klobuchar,Tina Smith,Other,555917996,KABJZBBJ4B54,241820.0,-93.22706545,44.97491973,10/13/2023,2023/10/13
2023,90000.0,1600 Hampton St # 414,Columbia,County            ,Richland,University of South Carolina,4.0,Region 4,SC,South Carolina,29208-3403,T1C,T1CMC35361,35361,06/01/2020,2020/06/01,05/31/2025,2025/05/31,MCHB,Maternal and Child Health,Richland County,Maternal and Child Health Public Health Catalyst Program (T1C),South Carolina District 06,06,4,James E. Clyburn,45079,45,Lindsey Graham,Tim Scott,Other,041387846,J22LNTMEDP73,426521.0,-81.02834381,34.00742582,10/13/2023,2023/10/13
2023,50000.0,1000 Vale Terrace Dr,Vista,County            ,San Diego,VISTA COMMUNITY CLINIC,9.0,Region 9,CA,California,92084-5218,H17,H17MC33886,33886,03/01/2020,2020/03/01,02/28/2025,2025/02/28,MCHB,Maternal and Child Health,San Diego County,Healthy Tomorrows Partnership for Children Program (H17),California District 49,49,9,Mike Levin,06073,06,Dianne Feinstein,Alex Padilla,"Corporate Entity, Federal Tax Exempt",073383754,MWKKGMFABCQ8,51944.0,-117.22864243,33.20904904,10/13/2023,2023/10/13
2023,155000.0,1600 Hampton St # 414,Columbia,County            ,Richland,University of South Carolina,4.0,Region 4,SC,South Carolina,29208-3403,T16,T16MC41744,41744,06/01/2021,2021/06/01,05/31/2026,2026/05/31,MCHB,Maternal and Child Health,Richland County,"MCH Leadership, Education, and Advancement in Undergraduate Pathways Program (T16)",South Carolina District 06,06,4,James E. Clyburn,45079,45,Lindsey Graham,Tim Scott,Other,041387846,J22LNTMEDP73,426521.0,-81.02834381,34.00742582,10/13/2023,2023/10/13
